{"header_layout":"extended_1","header_sticky":["default","tablets","mobiles"],"header_transparent":"0","header_fullwidth":"0","header_top_height":"40","header_top_sticky_height":"0","header_middle_height":"100","header_middle_sticky_height":"50","header_bottom_height":"40","header_bottom_sticky_height":"40","header_main_width":"300","header_invert_logo_pos":"0","header_scroll_breakpoint":"100","header_search_show":"1","header_search_layout":"fullscreen","header_contacts_show":"1","header_contacts_phone":"+321 123 4567","header_contacts_email":"info@test.com","header_contacts_custom_icon":"mdfi_action_lock","header_contacts_custom_text":"<a href='/pages/login-page/'>User login</a>","header_socials_show":"1","header_socials_facebook":"#","header_socials_twitter":"#","header_socials_google":"","header_socials_linkedin":"","header_socials_youtube":"","header_socials_vimeo":"","header_socials_flickr":"","header_socials_behance":"#","header_socials_instagram":"#","header_socials_xing":"","header_socials_pinterest":"","header_socials_skype":"","header_socials_dribbble":"","header_socials_vk":"#","header_socials_tumblr":"","header_socials_soundcloud":"#","header_socials_twitch":"","header_socials_yelp":"","header_socials_deviantart":"#","header_socials_foursquare":"","header_socials_github":"","header_socials_odnoklassniki":"","header_socials_s500px":"","header_socials_houzz":"","header_socials_medium":"","header_socials_tripadvisor":"","header_socials_rss":"","header_socials_custom_url":"","header_socials_custom_icon":"","header_language_show":"0","header_language_source":"own","header_link_title":"English","header_link_qty":"3","header_link_1_label":"Spanish","header_link_1_url":"#","header_link_2_label":"German","header_link_2_url":"#","header_link_3_label":"Russian","header_link_3_url":"#","header_link_4_label":"","header_link_4_url":"","header_link_5_label":"","header_link_5_url":"","header_link_6_label":"","header_link_6_url":"","header_link_7_label":"","header_link_7_url":"","header_link_8_label":"","header_link_8_url":"","header_link_9_label":"","header_link_9_url":"","logo_type":"text","logo_text":"<strong>ZEPHYR</strong>","logo_font_size":"27","logo_font_size_tablets":"24","logo_font_size_mobiles":"20","logo_image":"","logo_height":"30","logo_height_sticky":"30","logo_height_tablets":"30","logo_height_mobiles":"30","logo_image_transparent":"","logo_image_tablets":"","logo_image_mobiles":"","menu_fontsize":"16","menu_indents":40,"menu_height":"0","menu_dropdown_effect":"mdesign","menu_sub_fontsize":"15","menu_mobile_width":"1000","menu_togglable_type":"1","forum_sidebar":"right","forum_sidebar_id":"default_sidebar","preloader":"1","preloader_image":"","page_sidebar":"none","page_sidebar_id":"default_sidebar","custom_post_types_support":[],"generate_css_file":"0","og_enabled":"1","enable_unsupported_vc_shortcodes":"0","custom_html":"","responsive_layout":"1","canvas_layout":"wide","color_body_bg":"#e0e0e0","body_bg_image":"","body_bg_image_repeat":"repeat","body_bg_image_position":"top center","body_bg_image_attachment":"scroll","body_bg_image_size":"initial","site_canvas_width":"1300","site_content_width":"1140","sidebar_width":"25","content_width":"68","columns_stacking_width":"767","disable_effects_width":"900","color_style":"1","change_header_colors":"0","color_header_top_bg":"#6039a8","color_header_top_text":"#c8b8e5","color_header_top_text_hover":"#ffffff","color_header_middle_bg":"#7049ba","color_header_middle_text":"#ffffff","color_header_middle_text_hover":"#ffffff","color_header_bottom_bg":"#6039a8","color_header_bottom_text":"#c8b8e5","color_header_bottom_text_hover":"#ffffff","color_header_transparent_text":"#ffffff","color_header_transparent_text_hover":"#ffffff","color_header_search_bg":"#7049ba","color_header_search_text":"#ffffff","change_menu_colors":"0","color_menu_transparent_active_text":"#ffc670","color_menu_active_text":"#ffc670","color_menu_hover_bg":"#6039a8","color_menu_hover_text":"#ffffff","color_drop_bg":"#ffffff","color_drop_text":"#212121","color_drop_hover_bg":"#eeeeee","color_drop_hover_text":"#212121","color_drop_active_bg":"#f7f7f7","color_drop_active_text":"#7049ba","color_menu_button_bg":"#ffffff","color_menu_button_text":"#7049ba","color_menu_button_hover_bg":"#ffffff","color_menu_button_hover_text":"#7049ba","change_content_colors":"0","color_content_bg":"#ffffff","color_content_bg_alt":"#f5f5f5","color_content_border":"#e0e0e0","color_content_heading":"#212121","color_content_text":"#424242","color_content_link":"#7049ba","color_content_link_hover":"#ffb03a","color_content_primary":"#7049ba","color_content_secondary":"#ffb03a","color_content_faded":"#9e9e9e","change_subfooter_colors":"0","color_subfooter_bg":"#212121","color_subfooter_bg_alt":"#292929","color_subfooter_border":"#333333","color_subfooter_heading":"#9e9e9e","color_subfooter_text":"#757575","color_subfooter_link":"#9e9e9e","color_subfooter_link_hover":"#ffb03a","change_footer_colors":"0","color_footer_bg":"#111111","color_footer_text":"#757575","color_footer_link":"#9e9e9e","color_footer_link_hover":"#ffb03a","custom_css":"","header":{"default":{"options":{"orientation":"hor","sticky":true,"scroll_breakpoint":"100","transparent":"0","width":"300","elm_align":"center","top_show":1,"top_height":"40","top_sticky_height":"0","top_fullwidth":"0","middle_height":"100","middle_sticky_height":"50","middle_fullwidth":"0","bg_img":"","bg_img_wrapper_start":"","bg_img_size":"cover","bg_img_repeat":"repeat","bg_img_attachment":"scroll","bg_img_position":"top center","bgimage_wrapper_end":"","bottom_show":0,"bottom_height":"40","bottom_sticky_height":"40","bottom_fullwidth":"0"},"layout":{"top_left":["text:2","text:3","text:4"],"top_center":[],"top_right":["socials:1"],"middle_left":["text:1"],"middle_center":[],"middle_right":["menu:1","search:1","cart:1"],"bottom_left":[],"bottom_center":[],"bottom_right":[],"hidden":[]}},"tablets":{"options":{"orientation":"hor","sticky":"1","scroll_breakpoint":"80","transparent":0,"width":300,"elm_align":"center","top_show":1,"top_height":36,"top_sticky_height":0,"top_fullwidth":0,"middle_height":80,"middle_sticky_height":"50","middle_fullwidth":0,"bg_img":"","bg_img_wrapper_start":"","bg_img_size":"cover","bg_img_repeat":"repeat","bg_img_attachment":"scroll","bg_img_position":"top center","bgimage_wrapper_end":"","bottom_show":0,"bottom_height":50,"bottom_sticky_height":50,"bottom_fullwidth":0},"layout":{"top_left":["text:2","text:3","text:4"],"top_center":[],"top_right":["socials:1"],"middle_left":["text:1"],"middle_center":[],"middle_right":["menu:1","search:1","cart:1"],"bottom_left":[],"bottom_center":[],"bottom_right":[],"hidden":[]}},"mobiles":{"options":{"orientation":"hor","sticky":"1","scroll_breakpoint":"50","transparent":0,"width":300,"elm_align":"center","top_show":0,"top_height":36,"top_sticky_height":0,"top_fullwidth":0,"middle_height":50,"middle_sticky_height":50,"middle_fullwidth":0,"bg_img":"","bg_img_wrapper_start":"","bg_img_size":"cover","bg_img_repeat":"repeat","bg_img_attachment":"scroll","bg_img_position":"top center","bgimage_wrapper_end":"","bottom_show":0,"bottom_height":50,"bottom_sticky_height":50,"bottom_fullwidth":0},"layout":{"top_left":["text:2","text:3","text:4"],"top_center":[],"top_right":["socials:1"],"middle_left":["text:1"],"middle_center":[],"middle_right":["menu:1","search:1","cart:1"],"bottom_left":[],"bottom_center":[],"bottom_right":[],"hidden":[]}},"data":{"text:1":{"text":"<strong>ZEPHYR</strong>","link":{"url":"/","target":""},"icon":"","color":"","wrap":"0","size":"27","size_tablets":"24","size_mobiles":"20","design_options":{"hide_for_sticky":false}},"text:2":{"text":"+321 123 4567","link":"","icon":"phone","color":"","wrap":"0","size":"14","size_tablets":"13","size_mobiles":"13","design_options":{"hide_for_sticky":false}},"text:3":{"text":"info@test.com","link":"mailto:info@test.com","icon":"envelope","color":"","wrap":"0","size":"14","size_tablets":"13","size_mobiles":"13","design_options":{"hide_for_sticky":false}},"text:4":{"text":"User login","link":"/pages/login-page/","icon":"mdfi_action_lock","color":"","wrap":"0","size":"14","size_tablets":"13","size_mobiles":"13","design_options":{"hide_for_sticky":false}},"socials:1":{"style":"desaturated","hover":"default","facebook":"#","twitter":"#","google":"","linkedin":"","youtube":"","vimeo":"","flickr":"","behance":"#","instagram":"#","xing":"","pinterest":"","skype":"","dribbble":"","vk":"#","tumblr":"","soundcloud":"#","twitch":"","yelp":"","deviantart":"#","foursquare":"","github":"","odnoklassniki":"","s500px":"","houzz":"","medium":"","tripadvisor":"","rss":"","custom_url":"","custom_icon":"","custom_color":"#1abc9c","size":18,"size_tablets":18,"size_mobiles":18,"design_options":""},"menu:1":{"font_size":"16","indents":40,"vstretch":"0","hover_effect":"simple","dropdown_effect":"mdesign","dropdown_font_size":"15","mobile_width":"1000","mobile_font_size":"16","mobile_dropdown_font_size":"15","mobile_behavior":"1","design_options":""},"search:1":{"text":"Type and press enter...","layout":"fullscreen","width":"240","width_tablets":"200","design_options":{"hide_for_sticky":false}},"cart:1":{"icon":"mdfi_action_shopping_cart","size":"20","size_tablets":"20","size_mobiles":"20","design_options":{"hide_for_sticky":false}}}},"titlebar_content":"all","titlebar_size":"large","titlebar_color":"alternate","titlebar_portfolio_content":"all","titlebar_portfolio_size":"large","titlebar_portfolio_color":"alternate","titlebar_archive_content":"all","titlebar_archive_size":"large","titlebar_archive_color":"alternate","titlebar_post_content":"hide","titlebar_post_title":"Blog","titlebar_post_size":"medium","titlebar_post_color":"alternate","footer_show_top":"1","footer_columns":"3","footer_show_bottom":"1","footer_copyright":"© 2016 All rights reserved. ZEPHYR theme by <a href=\"http://us-themes.com/\">UpSolution</a>","heading_font_family":"Roboto|300,400,700","h1_fontsize":"40","h1_fontsize_mobile":"30","h1_letterspacing":"0","h2_fontsize":"34","h2_fontsize_mobile":"26","h2_letterspacing":"0","h3_fontsize":"28","h3_fontsize_mobile":"22","h3_letterspacing":"0","h4_fontsize":"24","h4_fontsize_mobile":"20","h4_letterspacing":"0","h5_fontsize":"20","h5_fontsize_mobile":"18","h5_letterspacing":"0","h6_fontsize":"18","h6_fontsize_mobile":"16","h6_letterspacing":"0","body_font_family":"Roboto|400,400italic,700","body_fontsize":"15","body_fontsize_mobile":"15","body_lineheight":"25","body_lineheight_mobile":"25","menu_font_family":"Roboto|300,400","font_subset":"latin","portfolio_sidebar":"none","portfolio_sidebar_id":"default_sidebar","portfolio_comments":"0","portfolio_sided_nav":"1","portfolio_prevnext_category":"0","portfolio_slug":"portfolio","portfolio_category_slug":"portfolio_category","post_sidebar":"right","post_preview_layout":"basic","post_meta":["date","author","categories","comments","tags"],"post_sharing":"1","post_sharing_type":"solid","post_sharing_providers":["email","facebook","twitter","gplus","linkedin","pinterest","vk"],"post_author_box":"1","post_nav":"1","post_nav_category":"0","post_related":"1","post_related_layout":"related","blog_sidebar":"right","blog_layout":"classic","blog_masonry":"0","blog_cols":"1","blog_content_type":"excerpt","blog_meta":["date","author","categories","comments","tags","read_more"],"blog_pagination":"regular","archive_sidebar":"right","archive_layout":"classic","archive_masonry":"0","archive_cols":"2","archive_content_type":"excerpt","archive_meta":["date","author","categories","comments","tags","read_more"],"archive_pagination":"ajax","search_sidebar":"right","search_layout":"compact","search_masonry":"0","search_cols":"1","search_content_type":"excerpt","search_meta":["date"],"search_pagination":"ajax","excerpt_length":"40","blog_img_width":"600","blog_img_height":"400","shop_titlebar_content":"hide","shop_sidebar":"right","shop_sidebar_id":"us_widget_area_shop_sidebar","product_sidebar":"right","product_sidebar_id":"us_widget_area_shop_sidebar","shop_listing_style":"2","shop_columns":"3","product_related_qty":"3"}